id,store_key,division,district,upazila
1,S0001,SYLHET,HABIGANJ,AJMIRIGANJ
2,S0002,SYLHET,HABIGANJ,BAHUBAL
3,S0003,SYLHET,HABIGANJ,BANIACHONG
4,S0004,SYLHET,HABIGANJ,CHUNARUGHAT
5,S0005,SYLHET,HABIGANJ,HABIGANJ SADAR
6,S0006,SYLHET,HABIGANJ,LAKHAI
7,S0007,SYLHET,HABIGANJ,MADHABPUR
8,S0008,SYLHET,HABIGANJ,NABIGANJ
9,S0009,SYLHET,MAULVIBAZAR,BARLEKHA
10,S0010,SYLHET,MAULVIBAZAR,JURI
11,S0011,SYLHET,MAULVIBAZAR,KAMALGANJ
12,S0012,SYLHET,MAULVIBAZAR,KULAURA
13,S0013,SYLHET,MAULVIBAZAR,MAULVIBAZAR SADAR
14,S0014,SYLHET,MAULVIBAZAR,RAJNAGAR
15,S0015,SYLHET,MAULVIBAZAR,SREEMANGAL
16,S0016,SYLHET,SUNAMGANJ,BISHWAMBARPUR
17,S0017,SYLHET,SUNAMGANJ,CHHATAK
18,S0018,SYLHET,SUNAMGANJ,DAKSHIN SUNAMGANJ
19,S0019,SYLHET,SUNAMGANJ,DERAI
20,S0020,SYLHET,SUNAMGANJ,DHARAMPASHA
21,S0021,SYLHET,SUNAMGANJ,DOWARABAZAR
22,S0022,SYLHET,SUNAMGANJ,JAGANNATHPUR
23,S0023,SYLHET,SUNAMGANJ,JAMALGANJ
24,S0024,SYLHET,SUNAMGANJ,SULLA
25,S0025,SYLHET,SUNAMGANJ,SUNAMGANJ SADAR
26,S0026,SYLHET,SUNAMGANJ,TAHIRPUR
27,S0027,SYLHET,SYLHET,BALAGANJ
28,S0028,SYLHET,SYLHET,BEANI BAZAR
29,S0029,SYLHET,SYLHET,BISHWANATH
30,S0030,SYLHET,SYLHET,COMPANIGANJ
31,S0031,SYLHET,SYLHET,DAKSHIN SURMA
32,S0032,SYLHET,SYLHET,FENCHUGANJ
33,S0033,SYLHET,SYLHET,GOLAPGANJ
34,S0034,SYLHET,SYLHET,GOWAINGHAT
35,S0035,SYLHET,SYLHET,JAINTIAPUR
36,S0036,SYLHET,SYLHET,KANAIGHAT
37,S0037,SYLHET,SYLHET,SYLHET SADAR
38,S0038,SYLHET,SYLHET,ZAKIGANJ
39,S0039,RANGPUR,DINAJPUR,BIRAMPUR
40,S0040,RANGPUR,DINAJPUR,BIRGANJ
41,S0041,RANGPUR,DINAJPUR,BIRAL
42,S0042,RANGPUR,DINAJPUR,BOCHAGANJ
43,S0043,RANGPUR,DINAJPUR,CHIRIRBANDAR
44,S0044,RANGPUR,DINAJPUR,FULBARI
45,S0045,RANGPUR,DINAJPUR,GHORAGHAT
46,S0046,RANGPUR,DINAJPUR,HAKIMPUR
47,S0047,RANGPUR,DINAJPUR,KAHAROLE
48,S0048,RANGPUR,DINAJPUR,KHANSAMA
49,S0049,RANGPUR,DINAJPUR,DINAJPUR SADAR
50,S0050,RANGPUR,DINAJPUR,NAWABGANJ
51,S0051,RANGPUR,DINAJPUR,PARBATIPUR
52,S0052,RANGPUR,GAIBANDHA,FULCHHARI
53,S0053,RANGPUR,GAIBANDHA,GAIBANDHA SADAR
54,S0054,RANGPUR,GAIBANDHA,GOBINDAGANJ
55,S0055,RANGPUR,GAIBANDHA,PALASHBARI
56,S0056,RANGPUR,GAIBANDHA,SADULLAPUR
57,S0057,RANGPUR,GAIBANDHA,SAGHATA
58,S0058,RANGPUR,GAIBANDHA,SUNDARGANJ
59,S0059,RANGPUR,KURIGRAM,BHURUNGAMARI
60,S0060,RANGPUR,KURIGRAM,CHAR RAJIBPUR
61,S0061,RANGPUR,KURIGRAM,CHILMARI
62,S0062,RANGPUR,KURIGRAM,PHULBARI
63,S0063,RANGPUR,KURIGRAM,KURIGRAM SADAR
64,S0064,RANGPUR,KURIGRAM,NAGESHWARI
65,S0065,RANGPUR,KURIGRAM,RAJARHAT
66,S0066,RANGPUR,KURIGRAM,RAUMARI
67,S0067,RANGPUR,KURIGRAM,ULIPUR
68,S0068,RANGPUR,LALMONIRHAT,ADITMARI
69,S0069,RANGPUR,LALMONIRHAT,HATIBANDHA
70,S0070,RANGPUR,LALMONIRHAT,KALIGANJ
71,S0071,RANGPUR,LALMONIRHAT,LALMONIRHAT SADAR
72,S0072,RANGPUR,LALMONIRHAT,PATGRAM
73,S0073,RANGPUR,NILPHAMARI,DIMLA
74,S0074,RANGPUR,NILPHAMARI,DOMAR UPAZILA
75,S0075,RANGPUR,NILPHAMARI,JALDHAKA
76,S0076,RANGPUR,NILPHAMARI,KISHOREGANJ
77,S0077,RANGPUR,NILPHAMARI,NILPHAMARI SADAR
78,S0078,RANGPUR,NILPHAMARI,SAIDPUR UPAZILA
79,S0079,RANGPUR,PANCHAGARH,ATWARI
80,S0080,RANGPUR,PANCHAGARH,BODA
81,S0081,RANGPUR,PANCHAGARH,DEBIGANJ
82,S0082,RANGPUR,PANCHAGARH,PANCHAGARH SADAR
83,S0083,RANGPUR,PANCHAGARH,TENTULIA
84,S0084,RANGPUR,RANGPUR,BADARGANJ
85,S0085,RANGPUR,RANGPUR,GANGACHARA
86,S0086,RANGPUR,RANGPUR,KAUNIA
87,S0087,RANGPUR,RANGPUR,RANGPUR SADAR
88,S0088,RANGPUR,RANGPUR,MITHA PUKUR
89,S0089,RANGPUR,RANGPUR,PIRGACHHA
90,S0090,RANGPUR,RANGPUR,PIRGANJ
91,S0091,RANGPUR,RANGPUR,TARAGANJ
92,S0092,RANGPUR,THAKURGAON,BALIADANGI
93,S0093,RANGPUR,THAKURGAON,HARIPUR
94,S0094,RANGPUR,THAKURGAON,PIRGANJ
95,S0095,RANGPUR,THAKURGAON,RANISANKAIL
96,S0096,RANGPUR,THAKURGAON,THAKURGAON SADAR
97,S0097,RAJSHAHI,BOGRA,ADAMDIGHI
98,S0098,RAJSHAHI,BOGRA,BOGRA SADAR
99,S0099,RAJSHAHI,BOGRA,DHUNAT
100,S00100,RAJSHAHI,BOGRA,DHUPCHANCHIA
101,S00101,RAJSHAHI,BOGRA,GABTALI
102,S00102,RAJSHAHI,BOGRA,KAHALOO
103,S00103,RAJSHAHI,BOGRA,NANDIGRAM
104,S00104,RAJSHAHI,BOGRA,SARIAKANDI
105,S00105,RAJSHAHI,BOGRA,SHAJAHANPUR
106,S00106,RAJSHAHI,BOGRA,SHERPUR
107,S00107,RAJSHAHI,BOGRA,SHIBGANJ
108,S00108,RAJSHAHI,BOGRA,SONATOLA
109,S00109,RAJSHAHI,JOYPURHAT,AKKELPUR
110,S00110,RAJSHAHI,JOYPURHAT,JOYPURHAT SADAR
111,S00111,RAJSHAHI,JOYPURHAT,KALAI
112,S00112,RAJSHAHI,JOYPURHAT,KHETLAL
113,S00113,RAJSHAHI,JOYPURHAT,PANCHBIBI
114,S00114,RAJSHAHI,NAOGAON,ATRAI
115,S00115,RAJSHAHI,NAOGAON,BADALGACHHI
116,S00116,RAJSHAHI,NAOGAON,DHAMOIRHAT
117,S00117,RAJSHAHI,NAOGAON,MANDA
118,S00118,RAJSHAHI,NAOGAON,MAHADEBPUR
119,S00119,RAJSHAHI,NAOGAON,NAOGAON SADAR
120,S00120,RAJSHAHI,NAOGAON,NIAMATPUR
121,S00121,RAJSHAHI,NAOGAON,PATNITALA
122,S00122,RAJSHAHI,NAOGAON,PORSHA
123,S00123,RAJSHAHI,NAOGAON,RANINAGAR
124,S00124,RAJSHAHI,NAOGAON,SAPAHAR
125,S00125,RAJSHAHI,NATORE,BAGATIPARA
126,S00126,RAJSHAHI,NATORE,BARAIGRAM
127,S00127,RAJSHAHI,NATORE,GURUDASPUR
128,S00128,RAJSHAHI,NATORE,LALPUR
129,S00129,RAJSHAHI,NATORE,NALDANGA
130,S00130,RAJSHAHI,NATORE,NATORE SADAR
131,S00131,RAJSHAHI,NATORE,SINGRA
132,S00132,RAJSHAHI,CHAPAI NABABGANJ,BHOLAHAT
133,S00133,RAJSHAHI,CHAPAI NABABGANJ,GOMASTAPUR
134,S00134,RAJSHAHI,CHAPAI NABABGANJ,NACHOLE
135,S00135,RAJSHAHI,CHAPAI NABABGANJ,CHAPAI NABABGANJ SADAR
136,S00136,RAJSHAHI,CHAPAI NABABGANJ,SHIBGANJ
137,S00137,RAJSHAHI,PABNA,ATGHARIA
138,S00138,RAJSHAHI,PABNA,BERA
139,S00139,RAJSHAHI,PABNA,BHANGURA
140,S00140,RAJSHAHI,PABNA,CHATMOHAR
141,S00141,RAJSHAHI,PABNA,FARIDPUR
142,S00142,RAJSHAHI,PABNA,ISHWARDI
143,S00143,RAJSHAHI,PABNA,PABNA SADAR
144,S00144,RAJSHAHI,PABNA,SANTHIA
145,S00145,RAJSHAHI,PABNA,SUJANAGAR
146,S00146,RAJSHAHI,RAJSHAHI,BAGHA
147,S00147,RAJSHAHI,RAJSHAHI,BAGHMARA
148,S00148,RAJSHAHI,RAJSHAHI,BOALIA
149,S00149,RAJSHAHI,RAJSHAHI,CHARGHAT
150,S00150,RAJSHAHI,RAJSHAHI,DURGAPUR
151,S00151,RAJSHAHI,RAJSHAHI,GODAGARI
152,S00152,RAJSHAHI,RAJSHAHI,MATIHAR
153,S00153,RAJSHAHI,RAJSHAHI,MOHANPUR
154,S00154,RAJSHAHI,RAJSHAHI,PABA
155,S00155,RAJSHAHI,RAJSHAHI,PUTHIA
156,S00156,RAJSHAHI,RAJSHAHI,RAJPARA
157,S00157,RAJSHAHI,RAJSHAHI,SHAH MAKHDUM
158,S00158,RAJSHAHI,RAJSHAHI,TANORE
159,S00159,RAJSHAHI,SIRAJGANJ,BELKUCHI
160,S00160,RAJSHAHI,SIRAJGANJ,CHAUHALI
161,S00161,RAJSHAHI,SIRAJGANJ,KAMARKHANDA
162,S00162,RAJSHAHI,SIRAJGANJ,KAZIPUR
163,S00163,RAJSHAHI,SIRAJGANJ,ROYGANJ
164,S00164,RAJSHAHI,SIRAJGANJ,SHAHJADPUR
165,S00165,RAJSHAHI,SIRAJGANJ,SIRAJGANJ SADAR
166,S00166,RAJSHAHI,SIRAJGANJ,TARASH
167,S00167,RAJSHAHI,SIRAJGANJ,ULLAH PARA
168,S00168,KHULNA,BAGERHAT,BAGERHAT SADAR
169,S00169,KHULNA,BAGERHAT,CHITALMARI
170,S00170,KHULNA,BAGERHAT,FAKIRHAT
171,S00171,KHULNA,BAGERHAT,KACHUA
172,S00172,KHULNA,BAGERHAT,MOLLAHAT
173,S00173,KHULNA,BAGERHAT,MONGLA
174,S00174,KHULNA,BAGERHAT,MORRELGANJ
175,S00175,KHULNA,BAGERHAT,RAMPAL
176,S00176,KHULNA,BAGERHAT,SARANKHOLA
177,S00177,KHULNA,CHUADANGA,ALAMDANGA
178,S00178,KHULNA,CHUADANGA,CHUADANGA SADAR
179,S00179,KHULNA,CHUADANGA,DAMURHUDA
180,S00180,KHULNA,CHUADANGA,JIBAN NAGAR
181,S00181,KHULNA,JESSORE,ABHAYNAGAR
182,S00182,KHULNA,JESSORE,BAGHER PARA
183,S00183,KHULNA,JESSORE,CHAUGACHHA
184,S00184,KHULNA,JESSORE,JHIKARGACHHA
185,S00185,KHULNA,JESSORE,KESHABPUR
186,S00186,KHULNA,JESSORE,JESSORE SADAR
187,S00187,KHULNA,JESSORE,MANIRAMPUR
188,S00188,KHULNA,JESSORE,SHARSHA
189,S00189,KHULNA,JHENAIDAH,HARINAKUNDA
190,S00190,KHULNA,JHENAIDAH,JHENAIDAH SADAR
191,S00191,KHULNA,JHENAIDAH,KALIGANJ
192,S00192,KHULNA,JHENAIDAH,KOTCHANDPUR
193,S00193,KHULNA,JHENAIDAH,MAHESHPUR
194,S00194,KHULNA,JHENAIDAH,SHAILKUPA
195,S00195,KHULNA,KHULNA,BATIAGHATA
196,S00196,KHULNA,KHULNA,DACOPE
197,S00197,KHULNA,KHULNA,DAULATPUR
198,S00198,KHULNA,KHULNA,DUMURIA
199,S00199,KHULNA,KHULNA,DIGHALIA
200,S00200,KHULNA,KHULNA,KHALISHPUR
201,S00201,KHULNA,KHULNA,KHAN JAHAN ALI
202,S00202,KHULNA,KHULNA,KHULNA SADAR
203,S00203,KHULNA,KHULNA,KOYRA
204,S00204,KHULNA,KHULNA,PAIKGACHHA
205,S00205,KHULNA,KHULNA,PHULTALA
206,S00206,KHULNA,KHULNA,RUPSA
207,S00207,KHULNA,KHULNA,SONADANGA
208,S00208,KHULNA,KHULNA,TEROKHADA
209,S00209,KHULNA,KUSHTIA,BHERAMARA
210,S00210,KHULNA,KUSHTIA,DAULATPUR
211,S00211,KHULNA,KUSHTIA,KHOKSA
212,S00212,KHULNA,KUSHTIA,KUMARKHALI
213,S00213,KHULNA,KUSHTIA,KUSHTIA SADAR
214,S00214,KHULNA,KUSHTIA,MIRPUR
215,S00215,KHULNA,MAGURA,MAGURA SADAR
216,S00216,KHULNA,MAGURA,MOHAMMADPUR
217,S00217,KHULNA,MAGURA,SHALIKHA
218,S00218,KHULNA,MAGURA,SREEPUR
219,S00219,KHULNA,MEHERPUR,GANGNI
220,S00220,KHULNA,MEHERPUR,MUJIB NAGAR
221,S00221,KHULNA,MEHERPUR,MEHERPUR SADAR
222,S00222,KHULNA,NARAIL,KALIA
223,S00223,KHULNA,NARAIL,LOHAGARA
224,S00224,KHULNA,NARAIL,NARAIL SADAR
225,S00225,KHULNA,SATKHIRA,ASSASUNI
226,S00226,KHULNA,SATKHIRA,DEBHATA
227,S00227,KHULNA,SATKHIRA,KALAROA
228,S00228,KHULNA,SATKHIRA,KALIGANJ
229,S00229,KHULNA,SATKHIRA,SATKHIRA SADAR
230,S00230,KHULNA,SATKHIRA,SHYAMNAGAR
231,S00231,KHULNA,SATKHIRA,TALA
232,S00232,DHAKA,DHAKA,ADABOR
233,S00233,DHAKA,DHAKA,BADDA
234,S00234,DHAKA,DHAKA,BANGSHAL
235,S00235,DHAKA,DHAKA,BIMAN BANDAR
236,S00236,DHAKA,DHAKA,BANANI
237,S00237,DHAKA,DHAKA,CANTONMENT
238,S00238,DHAKA,DHAKA,CHAK BAZAR
239,S00239,DHAKA,DHAKA,DAKSHINKHAN
240,S00240,DHAKA,DHAKA,DARUS SALAM
241,S00241,DHAKA,DHAKA,DEMRA
242,S00242,DHAKA,DHAKA,DHAMRAI
243,S00243,DHAKA,DHAKA,DHANMONDI
244,S00244,DHAKA,DHAKA,DOHAR
245,S00245,DHAKA,DHAKA,BHASAN TEK
246,S00246,DHAKA,DHAKA,BHATARA
247,S00247,DHAKA,DHAKA,GENDARIA
248,S00248,DHAKA,DHAKA,GULSHAN
249,S00249,DHAKA,DHAKA,HAZARIBAGH
250,S00250,DHAKA,DHAKA,JATRABARI
251,S00251,DHAKA,DHAKA,KAFRUL
252,S00252,DHAKA,DHAKA,KADAMTALI
253,S00253,DHAKA,DHAKA,KALABAGAN
254,S00254,DHAKA,DHAKA,KAMRANGIR CHAR
255,S00255,DHAKA,DHAKA,KHILGAON
256,S00256,DHAKA,DHAKA,KHILKHET
257,S00257,DHAKA,DHAKA,KERANIGANJ
258,S00258,DHAKA,DHAKA,KOTWALI
259,S00259,DHAKA,DHAKA,LALBAGH
260,S00260,DHAKA,DHAKA,MIRPUR
261,S00261,DHAKA,DHAKA,MOHAMMADPUR
262,S00262,DHAKA,DHAKA,MOTIJHEEL
263,S00263,DHAKA,DHAKA,MUGDA PARA
264,S00264,DHAKA,DHAKA,NAWABGANJ
265,S00265,DHAKA,DHAKA,NEW MARKET
266,S00266,DHAKA,DHAKA,PALLABI
267,S00267,DHAKA,DHAKA,PALTAN
268,S00268,DHAKA,DHAKA,RAMNA
269,S00269,DHAKA,DHAKA,RAMPURA
270,S00270,DHAKA,DHAKA,SABUJBAGH
271,S00271,DHAKA,DHAKA,RUPNAGAR
272,S00272,DHAKA,DHAKA,SAVAR
273,S00273,DHAKA,DHAKA,SHAHJAHANPUR
274,S00274,DHAKA,DHAKA,SHAH ALI
275,S00275,DHAKA,DHAKA,SHAHBAGH
276,S00276,DHAKA,DHAKA,SHYAMPUR
277,S00277,DHAKA,DHAKA,SHER-E-BANGLA NAGAR
278,S00278,DHAKA,DHAKA,SUTRAPUR
279,S00279,DHAKA,DHAKA,TEJGAON
280,S00280,DHAKA,DHAKA,TEJGAON IND. AREA
281,S00281,DHAKA,DHAKA,TURAG
282,S00282,DHAKA,DHAKA,UTTARA  PASCHIM
283,S00283,DHAKA,DHAKA,UTTARA  PURBA
284,S00284,DHAKA,DHAKA,UTTAR KHAN
285,S00285,DHAKA,DHAKA,WARI
286,S00286,DHAKA,FARIDPUR,ALFADANGA
287,S00287,DHAKA,FARIDPUR,BHANGA
288,S00288,DHAKA,FARIDPUR,BOALMARI
289,S00289,DHAKA,FARIDPUR,CHAR BHADRASAN
290,S00290,DHAKA,FARIDPUR,FARIDPUR SADAR
291,S00291,DHAKA,FARIDPUR,MADHUKHALI
292,S00292,DHAKA,FARIDPUR,NAGARKANDA
293,S00293,DHAKA,FARIDPUR,SADARPUR
294,S00294,DHAKA,FARIDPUR,SALTHA
295,S00295,DHAKA,GAZIPUR,GAZIPUR SADAR
296,S00296,DHAKA,GAZIPUR,KALIAKAIR
297,S00297,DHAKA,GAZIPUR,KALIGANJ
298,S00298,DHAKA,GAZIPUR,KAPASIA
299,S00299,DHAKA,GAZIPUR,SREEPUR
300,S00300,DHAKA,GOPALGANJ,GOPALGANJ SADAR
301,S00301,DHAKA,GOPALGANJ,KASHIANI
302,S00302,DHAKA,GOPALGANJ,KOTALIPARA
303,S00303,DHAKA,GOPALGANJ,MUKSUDPUR
304,S00304,DHAKA,GOPALGANJ,TUNGIPARA
305,S00305,DHAKA,JAMALPUR,BAKSHIGANJ
306,S00306,DHAKA,JAMALPUR,DEWANGANJ
307,S00307,DHAKA,JAMALPUR,ISLAMPUR
308,S00308,DHAKA,JAMALPUR,JAMALPUR SADAR
309,S00309,DHAKA,JAMALPUR,MADARGANJ
310,S00310,DHAKA,JAMALPUR,MELANDAHA
311,S00311,DHAKA,JAMALPUR,SARISHABARI UPAZILA
312,S00312,DHAKA,KISHOREGONJ,AUSTAGRAM
313,S00313,DHAKA,KISHOREGONJ,BAJITPUR
314,S00314,DHAKA,KISHOREGONJ,BHAIRAB
315,S00315,DHAKA,KISHOREGONJ,HOSSAINPUR
316,S00316,DHAKA,KISHOREGONJ,ITNA
317,S00317,DHAKA,KISHOREGONJ,KARIMGANJ
318,S00318,DHAKA,KISHOREGONJ,KATIADI
319,S00319,DHAKA,KISHOREGONJ,KISHOREGANJ SADAR
320,S00320,DHAKA,KISHOREGONJ,KULIAR CHAR
321,S00321,DHAKA,KISHOREGONJ,MITHAMAIN
322,S00322,DHAKA,KISHOREGONJ,NIKLI
323,S00323,DHAKA,KISHOREGONJ,PAKUNDIA
324,S00324,DHAKA,KISHOREGONJ,TARAIL
325,S00325,DHAKA,MADARIPUR,KALKINI
326,S00326,DHAKA,MADARIPUR,MADARIPUR SADAR
327,S00327,DHAKA,MADARIPUR,RAJOIR
328,S00328,DHAKA,MADARIPUR,SHIBCHAR
329,S00329,DHAKA,MANIKGANJ,DAULATPUR
330,S00330,DHAKA,MANIKGANJ,GHIOR
331,S00331,DHAKA,MANIKGANJ,HARIRAMPUR
332,S00332,DHAKA,MANIKGANJ,MANIKGANJ SADAR
333,S00333,DHAKA,MANIKGANJ,SATURIA
334,S00334,DHAKA,MANIKGANJ,SHIBALAYA
335,S00335,DHAKA,MANIKGANJ,SINGAIR
336,S00336,DHAKA,MUNSHIGANJ,GAZARIA
337,S00337,DHAKA,MUNSHIGANJ,LOHAJANG
338,S00338,DHAKA,MUNSHIGANJ,MUNSHIGANJ SADAR
339,S00339,DHAKA,MUNSHIGANJ,SERAJDIKHAN
340,S00340,DHAKA,MUNSHIGANJ,SREENAGAR
341,S00341,DHAKA,MUNSHIGANJ,TONGIBARI
342,S00342,DHAKA,MYMENSINGH,BHALUKA
343,S00343,DHAKA,MYMENSINGH,DHOBAURA
344,S00344,DHAKA,MYMENSINGH,FULBARIA
345,S00345,DHAKA,MYMENSINGH,GAFFARGAON
346,S00346,DHAKA,MYMENSINGH,GAURIPUR
347,S00347,DHAKA,MYMENSINGH,HALUAGHAT
348,S00348,DHAKA,MYMENSINGH,ISHWARGANJ
349,S00349,DHAKA,MYMENSINGH,MYMENSINGH SADAR
350,S00350,DHAKA,MYMENSINGH,MUKTAGACHHA
351,S00351,DHAKA,MYMENSINGH,NANDAIL
352,S00352,DHAKA,MYMENSINGH,PHULPUR
353,S00353,DHAKA,MYMENSINGH,TARAKANDA
354,S00354,DHAKA,MYMENSINGH,TRISHAL
355,S00355,DHAKA,NARAYANGANJ,ARAIHAZAR
356,S00356,DHAKA,NARAYANGANJ,SONARGAON
357,S00357,DHAKA,NARAYANGANJ,BANDAR
358,S00358,DHAKA,NARAYANGANJ,NARAYANGANJ SADAR
359,S00359,DHAKA,NARAYANGANJ,RUPGANJ
360,S00360,DHAKA,NARSINGDI,BELABO
361,S00361,DHAKA,NARSINGDI,MANOHARDI
362,S00362,DHAKA,NARSINGDI,NARSINGDI SADAR
363,S00363,DHAKA,NARSINGDI,PALASH
364,S00364,DHAKA,NARSINGDI,ROYPURA
365,S00365,DHAKA,NARSINGDI,SHIBPUR
366,S00366,DHAKA,NETRAKONA,ATPARA
367,S00367,DHAKA,NETRAKONA,BARHATTA
368,S00368,DHAKA,NETRAKONA,DURGAPUR
369,S00369,DHAKA,NETRAKONA,KHALIAJURI
370,S00370,DHAKA,NETRAKONA,KALMAKANDA
371,S00371,DHAKA,NETRAKONA,KENDUA
372,S00372,DHAKA,NETRAKONA,MADAN
373,S00373,DHAKA,NETRAKONA,MOHANGANJ
374,S00374,DHAKA,NETRAKONA,NETROKONA SADAR
375,S00375,DHAKA,NETRAKONA,PURBADHALA
376,S00376,DHAKA,RAJBARI,BALIAKANDI
377,S00377,DHAKA,RAJBARI,GOALANDA
378,S00378,DHAKA,RAJBARI,KALUKHALI
379,S00379,DHAKA,RAJBARI,PANGSHA
380,S00380,DHAKA,RAJBARI,RAJBARI SADAR
381,S00381,DHAKA,SHARIATPUR,BHEDARGANJ
382,S00382,DHAKA,SHARIATPUR,DAMUDYA
383,S00383,DHAKA,SHARIATPUR,GOSAIRHAT
384,S00384,DHAKA,SHARIATPUR,NARIA
385,S00385,DHAKA,SHARIATPUR,SHARIATPUR SADAR
386,S00386,DHAKA,SHARIATPUR,ZANJIRA
387,S00387,DHAKA,SHERPUR,JHENAIGATI
388,S00388,DHAKA,SHERPUR,NAKLA
389,S00389,DHAKA,SHERPUR,NALITABARI
390,S00390,DHAKA,SHERPUR,SHERPUR SADAR
391,S00391,DHAKA,SHERPUR,SREEBARDI
392,S00392,DHAKA,TANGAIL,BASAIL
393,S00393,DHAKA,TANGAIL,BHUAPUR
394,S00394,DHAKA,TANGAIL,DELDUAR
395,S00395,DHAKA,TANGAIL,DHANBARI
396,S00396,DHAKA,TANGAIL,GHATAIL
397,S00397,DHAKA,TANGAIL,GOPALPUR
398,S00398,DHAKA,TANGAIL,KALIHATI
399,S00399,DHAKA,TANGAIL,MADHUPUR
400,S00400,DHAKA,TANGAIL,MIRZAPUR
401,S00401,DHAKA,TANGAIL,NAGARPUR
402,S00402,DHAKA,TANGAIL,SAKHIPUR
403,S00403,DHAKA,TANGAIL,TANGAIL SADAR
404,S00404,CHITTAGONG,BANDARBAN,ALIKADAM
405,S00405,CHITTAGONG,BANDARBAN,BANDARBAN SADAR
406,S00406,CHITTAGONG,BANDARBAN,LAMA
407,S00407,CHITTAGONG,BANDARBAN,NAIKHONGCHHARI
408,S00408,CHITTAGONG,BANDARBAN,ROWANGCHHARI
409,S00409,CHITTAGONG,BANDARBAN,RUMA
410,S00410,CHITTAGONG,BANDARBAN,THANCHI
411,S00411,CHITTAGONG,BRAHMANBARIA,AKHAURA
412,S00412,CHITTAGONG,BRAHMANBARIA,BANCHHARAMPUR
413,S00413,CHITTAGONG,BRAHMANBARIA,BIJOYNAGAR
414,S00414,CHITTAGONG,BRAHMANBARIA,BRAHMANBARIA SADAR
415,S00415,CHITTAGONG,BRAHMANBARIA,ASHUGANJ
416,S00416,CHITTAGONG,BRAHMANBARIA,KASBA
417,S00417,CHITTAGONG,BRAHMANBARIA,NABINAGAR
418,S00418,CHITTAGONG,BRAHMANBARIA,NASIRNAGAR
419,S00419,CHITTAGONG,BRAHMANBARIA,SARAIL
420,S00420,CHITTAGONG,CHANDPUR,CHANDPUR SADAR
421,S00421,CHITTAGONG,CHANDPUR,FARIDGANJ
422,S00422,CHITTAGONG,CHANDPUR,HAIM CHAR
423,S00423,CHITTAGONG,CHANDPUR,HAJIGANJ
424,S00424,CHITTAGONG,CHANDPUR,KACHUA
425,S00425,CHITTAGONG,CHANDPUR,MATLAB DAKSHIN
426,S00426,CHITTAGONG,CHANDPUR,MATLAB UTTAR
427,S00427,CHITTAGONG,CHANDPUR,SHAHRASTI
428,S00428,CHITTAGONG,CHITTAGONG,ANOWARA
429,S00429,CHITTAGONG,CHITTAGONG,BAYEJID BOSTAMI
430,S00430,CHITTAGONG,CHITTAGONG,BANSHKHALI
431,S00431,CHITTAGONG,CHITTAGONG,BAKALIA
432,S00432,CHITTAGONG,CHITTAGONG,BOALKHALI
433,S00433,CHITTAGONG,CHITTAGONG,CHANDANAISH
434,S00434,CHITTAGONG,CHITTAGONG,CHANDGAON
435,S00435,CHITTAGONG,CHITTAGONG,CHITTAGONG PORT
436,S00436,CHITTAGONG,CHITTAGONG,DOUBLE MOORING
437,S00437,CHITTAGONG,CHITTAGONG,FATIKCHHARI
438,S00438,CHITTAGONG,CHITTAGONG,HALISHAHAR
439,S00439,CHITTAGONG,CHITTAGONG,HATHAZARI
440,S00440,CHITTAGONG,CHITTAGONG,KOTWALI
441,S00441,CHITTAGONG,CHITTAGONG,KHULSHI
442,S00442,CHITTAGONG,CHITTAGONG,LOHAGARA
443,S00443,CHITTAGONG,CHITTAGONG,MIRSHARAI
444,S00444,CHITTAGONG,CHITTAGONG,PAHARTALI
445,S00445,CHITTAGONG,CHITTAGONG,PANCHLAISH
446,S00446,CHITTAGONG,CHITTAGONG,PATIYA
447,S00447,CHITTAGONG,CHITTAGONG,PATENGA
448,S00448,CHITTAGONG,CHITTAGONG,RANGUNIA
449,S00449,CHITTAGONG,CHITTAGONG,RAOZAN
450,S00450,CHITTAGONG,CHITTAGONG,SANDWIP
451,S00451,CHITTAGONG,CHITTAGONG,SATKANIA
452,S00452,CHITTAGONG,CHITTAGONG,SITAKUNDA
453,S00453,CHITTAGONG,COMILLA,BARURA
454,S00454,CHITTAGONG,COMILLA,BRAHMAN PARA
455,S00455,CHITTAGONG,COMILLA,BURICHANG
456,S00456,CHITTAGONG,COMILLA,CHANDINA
457,S00457,CHITTAGONG,COMILLA,CHAUDDAGRAM
458,S00458,CHITTAGONG,COMILLA,COMILLA SADAR DAKSHIN
459,S00459,CHITTAGONG,COMILLA,DAUDKANDI
460,S00460,CHITTAGONG,COMILLA,DEBIDWAR
461,S00461,CHITTAGONG,COMILLA,HOMNA
462,S00462,CHITTAGONG,COMILLA,COMILLA ADARSHA SADAR
463,S00463,CHITTAGONG,COMILLA,LAKSAM
464,S00464,CHITTAGONG,COMILLA,MANOHARGANJ
465,S00465,CHITTAGONG,COMILLA,MEGHNA
466,S00466,CHITTAGONG,COMILLA,MURADNAGAR
467,S00467,CHITTAGONG,COMILLA,NANGALKOT
468,S00468,CHITTAGONG,COMILLA,TITAS
469,S00469,CHITTAGONG,COX'S BAZAR,CHAKARIA
470,S00470,CHITTAGONG,COX'S BAZAR,COX'S BAZAR SADAR
471,S00471,CHITTAGONG,COX'S BAZAR,KUTUBDIA
472,S00472,CHITTAGONG,COX'S BAZAR,MAHESHKHALI
473,S00473,CHITTAGONG,COX'S BAZAR,PEKUA
474,S00474,CHITTAGONG,COX'S BAZAR,RAMU
475,S00475,CHITTAGONG,COX'S BAZAR,TEKNAF
476,S00476,CHITTAGONG,COX'S BAZAR,UKHIA
477,S00477,CHITTAGONG,FENI,CHHAGALNAIYA
478,S00478,CHITTAGONG,FENI,DAGANBHUIYAN
479,S00479,CHITTAGONG,FENI,FENI SADAR
480,S00480,CHITTAGONG,FENI,FULGAZI
481,S00481,CHITTAGONG,FENI,PARSHURAM
482,S00482,CHITTAGONG,FENI,SONAGAZI
483,S00483,CHITTAGONG,KHAGRACHHARI,DIGHINALA
484,S00484,CHITTAGONG,KHAGRACHHARI,KHAGRACHHARI SADAR
485,S00485,CHITTAGONG,KHAGRACHHARI,LAKSHMICHHARI
486,S00486,CHITTAGONG,KHAGRACHHARI,MAHALCHHARI
487,S00487,CHITTAGONG,KHAGRACHHARI,MANIKCHHARI
488,S00488,CHITTAGONG,KHAGRACHHARI,MATIRANGA
489,S00489,CHITTAGONG,KHAGRACHHARI,PANCHHARI
490,S00490,CHITTAGONG,KHAGRACHHARI,RAMGARH
491,S00491,CHITTAGONG,LAKSHMIPUR,KAMALNAGAR
492,S00492,CHITTAGONG,LAKSHMIPUR,LAKSHMIPUR SADAR
493,S00493,CHITTAGONG,LAKSHMIPUR,ROYPUR
494,S00494,CHITTAGONG,LAKSHMIPUR,RAMGANJ
495,S00495,CHITTAGONG,LAKSHMIPUR,RAMGATI
496,S00496,CHITTAGONG,NOAKHALI,BEGUMGANJ
497,S00497,CHITTAGONG,NOAKHALI,CHATKHIL
498,S00498,CHITTAGONG,NOAKHALI,COMPANIGANJ
499,S00499,CHITTAGONG,NOAKHALI,HATIYA
500,S00500,CHITTAGONG,NOAKHALI,KABIRHAT
501,S00501,CHITTAGONG,NOAKHALI,SENBAGH
502,S00502,CHITTAGONG,NOAKHALI,SONAIMURI
503,S00503,CHITTAGONG,NOAKHALI,SUBARNACHAR
504,S00504,CHITTAGONG,NOAKHALI,NOAKHALI SADAR
505,S00505,CHITTAGONG,RANGAMATI,BAGHAICHHARI
506,S00506,CHITTAGONG,RANGAMATI,BARKAL UPAZILA
507,S00507,CHITTAGONG,RANGAMATI,KAWKHALI (BETBUNIA)
508,S00508,CHITTAGONG,RANGAMATI,BELAI CHHARI  UPAZI
509,S00509,CHITTAGONG,RANGAMATI,KAPTAI  UPAZILA
510,S00510,CHITTAGONG,RANGAMATI,JURAI CHHARI UPAZIL
511,S00511,CHITTAGONG,RANGAMATI,LANGADU  UPAZILA
512,S00512,CHITTAGONG,RANGAMATI,NANIARCHAR  UPAZILA
513,S00513,CHITTAGONG,RANGAMATI,RAJASTHALI  UPAZILA
514,S00514,CHITTAGONG,RANGAMATI,RANGAMATI SADAR  UP
515,S00515,BARISAL,BARGUNA,AMTALI
516,S00516,BARISAL,BARGUNA,BAMNA
517,S00517,BARISAL,BARGUNA,BARGUNA SADAR
518,S00518,BARISAL,BARGUNA,BETAGI
519,S00519,BARISAL,BARGUNA,PATHARGHATA
520,S00520,BARISAL,BARGUNA,TALTALI
521,S00521,BARISAL,BARISAL,AGAILJHARA
522,S00522,BARISAL,BARISAL,BABUGANJ
523,S00523,BARISAL,BARISAL,BAKERGANJ
524,S00524,BARISAL,BARISAL,BANARI PARA
525,S00525,BARISAL,BARISAL,GAURNADI
526,S00526,BARISAL,BARISAL,HIZLA
527,S00527,BARISAL,BARISAL,BARISAL SADAR (KOTWALI)
528,S00528,BARISAL,BARISAL,MEHENDIGANJ
529,S00529,BARISAL,BARISAL,MULADI
530,S00530,BARISAL,BARISAL,WAZIRPUR
531,S00531,BARISAL,BHOLA,BHOLA SADAR
532,S00532,BARISAL,BHOLA,BURHANUDDIN
533,S00533,BARISAL,BHOLA,CHAR FASSON
534,S00534,BARISAL,BHOLA,DAULAT KHAN
535,S00535,BARISAL,BHOLA,LALMOHAN
536,S00536,BARISAL,BHOLA,MANPURA
537,S00537,BARISAL,BHOLA,TAZUMUDDIN
538,S00538,BARISAL,JHALOKATI,JHALOKATI SADAR
539,S00539,BARISAL,JHALOKATI,KANTHALIA
540,S00540,BARISAL,JHALOKATI,NALCHITY
541,S00541,BARISAL,JHALOKATI,RAJAPUR
542,S00542,BARISAL,PATUAKHALI,BAUPHAL
543,S00543,BARISAL,PATUAKHALI,DASHMINA
544,S00544,BARISAL,PATUAKHALI,DUMKI
545,S00545,BARISAL,PATUAKHALI,GALACHIPA
546,S00546,BARISAL,PATUAKHALI,KALAPARA
547,S00547,BARISAL,PATUAKHALI,MIRZAGANJ
548,S00548,BARISAL,PATUAKHALI,PATUAKHALI SADAR
549,S00549,BARISAL,PATUAKHALI,RANGABALI
550,S00550,BARISAL,PIROJPUR,BHANDARIA
551,S00551,BARISAL,PIROJPUR,KAWKHALI
552,S00552,BARISAL,PIROJPUR,MATHBARIA
553,S00553,BARISAL,PIROJPUR,NAZIRPUR
554,S00554,BARISAL,PIROJPUR,PIROJPUR SADAR
555,S00555,BARISAL,PIROJPUR,NESARABAD (SWARUPKATI)
556,S00556,BARISAL,PIROJPUR,ZIANAGAR
557,S00557,RAJSHAHI,RAJSHAHI,BAGHA
558,S00558,RAJSHAHI,RAJSHAHI,BAGHMARA
559,S00559,RAJSHAHI,RAJSHAHI,BOALIA
560,S00560,RAJSHAHI,RAJSHAHI,CHARGHAT
561,S00561,RAJSHAHI,RAJSHAHI,DURGAPUR
562,S00562,RAJSHAHI,RAJSHAHI,GODAGARI
563,S00563,RAJSHAHI,RAJSHAHI,MATIHAR
564,S00564,RAJSHAHI,RAJSHAHI,MOHANPUR
565,S00565,RAJSHAHI,RAJSHAHI,PABA
566,S00566,RAJSHAHI,RAJSHAHI,PUTHIA
567,S00567,RAJSHAHI,RAJSHAHI,RAJPARA
568,S00568,RAJSHAHI,RAJSHAHI,SHAH MAKHDUM
569,S00569,RAJSHAHI,RAJSHAHI,TANORE
570,S00570,KHULNA,KHULNA,BATIAGHATA
571,S00571,KHULNA,KHULNA,DACOPE
572,S00572,KHULNA,KHULNA,DAULATPUR
573,S00573,KHULNA,KHULNA,DUMURIA
574,S00574,KHULNA,KHULNA,DIGHALIA
575,S00575,KHULNA,KHULNA,KHALISHPUR
576,S00576,KHULNA,KHULNA,KHAN JAHAN ALI
577,S00577,KHULNA,KHULNA,KHULNA SADAR
578,S00578,KHULNA,KHULNA,KOYRA
579,S00579,KHULNA,KHULNA,PAIKGACHHA
580,S00580,KHULNA,KHULNA,PHULTALA
581,S00581,KHULNA,KHULNA,RUPSA
582,S00582,KHULNA,KHULNA,SONADANGA
583,S00583,KHULNA,KHULNA,TEROKHADA
584,S00584,DHAKA,DHAKA,ADABOR
585,S00585,DHAKA,DHAKA,ADABOR
586,S00586,DHAKA,DHAKA,BADDA
587,S00587,DHAKA,DHAKA,BADDA
588,S00588,DHAKA,DHAKA,BANGSHAL
589,S00589,DHAKA,DHAKA,BANGSHAL
590,S00590,DHAKA,DHAKA,BIMAN BANDAR
591,S00591,DHAKA,DHAKA,BIMAN BANDAR
592,S00592,DHAKA,DHAKA,BANANI
593,S00593,DHAKA,DHAKA,BANANI
594,S00594,DHAKA,DHAKA,CANTONMENT
595,S00595,DHAKA,DHAKA,CANTONMENT
596,S00596,DHAKA,DHAKA,CHAK BAZAR
597,S00597,DHAKA,DHAKA,CHAK BAZAR
598,S00598,DHAKA,DHAKA,DAKSHINKHAN
599,S00599,DHAKA,DHAKA,DAKSHINKHAN
600,S00600,DHAKA,DHAKA,DARUS SALAM
601,S00601,DHAKA,DHAKA,DARUS SALAM
602,S00602,DHAKA,DHAKA,DEMRA
603,S00603,DHAKA,DHAKA,DEMRA
604,S00604,DHAKA,DHAKA,DHAMRAI
605,S00605,DHAKA,DHAKA,DHAMRAI
606,S00606,DHAKA,DHAKA,DHANMONDI
607,S00607,DHAKA,DHAKA,DHANMONDI
608,S00608,DHAKA,DHAKA,DOHAR
609,S00609,DHAKA,DHAKA,DOHAR
610,S00610,DHAKA,DHAKA,BHASAN TEK
611,S00611,DHAKA,DHAKA,BHASAN TEK
612,S00612,DHAKA,DHAKA,BHATARA
613,S00613,DHAKA,DHAKA,BHATARA
614,S00614,DHAKA,DHAKA,GENDARIA
615,S00615,DHAKA,DHAKA,GENDARIA
616,S00616,DHAKA,DHAKA,GULSHAN
617,S00617,DHAKA,DHAKA,GULSHAN
618,S00618,DHAKA,DHAKA,HAZARIBAGH
619,S00619,DHAKA,DHAKA,HAZARIBAGH
620,S00620,DHAKA,DHAKA,JATRABARI
621,S00621,DHAKA,DHAKA,JATRABARI
622,S00622,DHAKA,DHAKA,KAFRUL
623,S00623,DHAKA,DHAKA,KAFRUL
624,S00624,DHAKA,DHAKA,KADAMTALI
625,S00625,DHAKA,DHAKA,KADAMTALI
626,S00626,DHAKA,DHAKA,KALABAGAN
627,S00627,DHAKA,DHAKA,KALABAGAN
628,S00628,DHAKA,DHAKA,KAMRANGIR CHAR
629,S00629,DHAKA,DHAKA,KAMRANGIR CHAR
630,S00630,DHAKA,DHAKA,KHILGAON
631,S00631,DHAKA,DHAKA,KHILGAON
632,S00632,DHAKA,DHAKA,KHILKHET
633,S00633,DHAKA,DHAKA,KHILKHET
634,S00634,DHAKA,DHAKA,KERANIGANJ
635,S00635,DHAKA,DHAKA,KERANIGANJ
636,S00636,DHAKA,DHAKA,KOTWALI
637,S00637,DHAKA,DHAKA,KOTWALI
638,S00638,DHAKA,DHAKA,LALBAGH
639,S00639,DHAKA,DHAKA,LALBAGH
640,S00640,DHAKA,DHAKA,MIRPUR
641,S00641,DHAKA,DHAKA,MIRPUR
642,S00642,DHAKA,DHAKA,MOHAMMADPUR
643,S00643,DHAKA,DHAKA,MOHAMMADPUR
644,S00644,DHAKA,DHAKA,MOTIJHEEL
645,S00645,DHAKA,DHAKA,MOTIJHEEL
646,S00646,DHAKA,DHAKA,MUGDA PARA
647,S00647,DHAKA,DHAKA,MUGDA PARA
648,S00648,DHAKA,DHAKA,NAWABGANJ
649,S00649,DHAKA,DHAKA,NAWABGANJ
650,S00650,DHAKA,DHAKA,NEW MARKET
651,S00651,DHAKA,DHAKA,NEW MARKET
652,S00652,DHAKA,DHAKA,PALLABI
653,S00653,DHAKA,DHAKA,PALLABI
654,S00654,DHAKA,DHAKA,PALTAN
655,S00655,DHAKA,DHAKA,PALTAN
656,S00656,DHAKA,DHAKA,RAMNA
657,S00657,DHAKA,DHAKA,RAMNA
658,S00658,DHAKA,DHAKA,RAMPURA
659,S00659,DHAKA,DHAKA,RAMPURA
660,S00660,DHAKA,DHAKA,SABUJBAGH
661,S00661,DHAKA,DHAKA,SABUJBAGH
662,S00662,DHAKA,DHAKA,RUPNAGAR
663,S00663,DHAKA,DHAKA,RUPNAGAR
664,S00664,DHAKA,DHAKA,SAVAR
665,S00665,DHAKA,DHAKA,SAVAR
666,S00666,DHAKA,DHAKA,SHAHJAHANPUR
667,S00667,DHAKA,DHAKA,SHAHJAHANPUR
668,S00668,DHAKA,DHAKA,SHAH ALI
669,S00669,DHAKA,DHAKA,SHAH ALI
670,S00670,DHAKA,DHAKA,SHAHBAGH
671,S00671,DHAKA,DHAKA,SHAHBAGH
672,S00672,DHAKA,DHAKA,SHYAMPUR
673,S00673,DHAKA,DHAKA,SHYAMPUR
674,S00674,DHAKA,DHAKA,SHER-E-BANGLA NAGAR
675,S00675,DHAKA,DHAKA,SHER-E-BANGLA NAGAR
676,S00676,DHAKA,DHAKA,SUTRAPUR
677,S00677,DHAKA,DHAKA,SUTRAPUR
678,S00678,DHAKA,DHAKA,TEJGAON
679,S00679,DHAKA,DHAKA,TEJGAON
680,S00680,DHAKA,DHAKA,TEJGAON IND. AREA
681,S00681,DHAKA,DHAKA,TEJGAON IND. AREA
682,S00682,DHAKA,DHAKA,TURAG
683,S00683,DHAKA,DHAKA,TURAG
684,S00684,DHAKA,DHAKA,UTTARA  PASCHIM
685,S00685,DHAKA,DHAKA,UTTARA  PASCHIM
686,S00686,DHAKA,DHAKA,UTTARA  PURBA
687,S00687,DHAKA,DHAKA,UTTARA  PURBA
688,S00688,DHAKA,DHAKA,UTTAR KHAN
689,S00689,DHAKA,DHAKA,UTTAR KHAN
690,S00690,DHAKA,DHAKA,WARI
691,S00691,DHAKA,DHAKA,WARI
692,S00692,CHITTAGONG,CHITTAGONG,ANOWARA
693,S00693,CHITTAGONG,CHITTAGONG,BAYEJID BOSTAMI
694,S00694,CHITTAGONG,CHITTAGONG,BANSHKHALI
695,S00695,CHITTAGONG,CHITTAGONG,BAKALIA
696,S00696,CHITTAGONG,CHITTAGONG,BOALKHALI
697,S00697,CHITTAGONG,CHITTAGONG,CHANDANAISH
698,S00698,CHITTAGONG,CHITTAGONG,CHANDGAON
699,S00699,CHITTAGONG,CHITTAGONG,CHITTAGONG PORT
700,S00700,CHITTAGONG,CHITTAGONG,DOUBLE MOORING
701,S00701,CHITTAGONG,CHITTAGONG,FATIKCHHARI
702,S00702,CHITTAGONG,CHITTAGONG,HALISHAHAR
703,S00703,CHITTAGONG,CHITTAGONG,HATHAZARI
704,S00704,CHITTAGONG,CHITTAGONG,KOTWALI
705,S00705,CHITTAGONG,CHITTAGONG,KHULSHI
706,S00706,CHITTAGONG,CHITTAGONG,LOHAGARA
707,S00707,CHITTAGONG,CHITTAGONG,MIRSHARAI
708,S00708,CHITTAGONG,CHITTAGONG,PAHARTALI
709,S00709,CHITTAGONG,CHITTAGONG,PANCHLAISH
710,S00710,CHITTAGONG,CHITTAGONG,PATIYA
711,S00711,CHITTAGONG,CHITTAGONG,PATENGA
712,S00712,CHITTAGONG,CHITTAGONG,RANGUNIA
713,S00713,CHITTAGONG,CHITTAGONG,RAOZAN
714,S00714,CHITTAGONG,CHITTAGONG,SANDWIP
715,S00715,CHITTAGONG,CHITTAGONG,SATKANIA
716,S00716,CHITTAGONG,CHITTAGONG,SITAKUNDA
717,S00717,BARISAL,BARISAL,AGAILJHARA
718,S00718,BARISAL,BARISAL,BABUGANJ
719,S00719,BARISAL,BARISAL,BAKERGANJ
720,S00720,BARISAL,BARISAL,BANARI PARA
721,S00721,BARISAL,BARISAL,GAURNADI
722,S00722,BARISAL,BARISAL,HIZLA
723,S00723,BARISAL,BARISAL,BARISAL SADAR (KOTWALI)
724,S00724,BARISAL,BARISAL,MEHENDIGANJ
725,S00725,BARISAL,BARISAL,MULADI
726,S00726,BARISAL,BARISAL,WAZIRPUR
